subject,seed,val_accuracy
2,0,0.5243055555555556
2,1,0.3819444444444444
2,2,0.4097222222222222
2,3,0.5243055555555556
2,4,0.5347222222222222
5,0,0.4097222222222222
5,1,0.3611111111111111
5,2,0.4409722222222222
5,3,0.4166666666666667
5,4,0.3888888888888889
6,0,0.4965277777777778
6,1,0.4270833333333333
6,2,0.3645833333333333
6,3,0.3993055555555556
6,4,0.3576388888888889
9,0,0.8159722222222222
9,1,0.8194444444444444
9,2,0.8055555555555556
9,3,0.7777777777777778
9,4,0.8194444444444444
